name,website,email,phone,address,city,categories,fullName,title,notes
J Carter Centre,https://jcartercentre.com,info@jcartercentre.com,+65 6737 2700,"6 Sin Ming Road #01-05, Sin Ming Plaza Tower 2, Singapore 575585",Singapore,Public speaking; communication for kids & teens,,,Email verified on official contact page
Centre Stage School of the Arts,https://centre-stage.com,info@centre-stage.com,+65 6732 7211,"Block 15 Woking Road, Singapore 138694",Singapore,Drama; acting; musical theatre; Trinity/LAMDA,,,Email verified on official site
Centre Stage School of the Arts (East),https://centre-stage.com,east@centre-stage.com,+65 6449 6211,"5000G Marine Parade Road #01-32 Laguna Park, Singapore 449290",Singapore,Drama; acting; musical theatre,,,East branch email verified on official contact page
RedDot Academy,https://reddotacademy.com.sg,,+65 9764 9852,"158 E Coast Rd, Singapore 428866",Singapore,Debate; public speaking; speech & drama,,,Site uses obfuscated email + form; verify email in Step 2
Speech Academy Asia,https://www.speechacademyasia.com,info@speechacademyasia.com,+65 9660 8524,"1 Tampines Central 5 #03-13, Singapore 529508",Singapore,Public speaking for kids & adults,,,Email published via official listing
Julia Gabriel Centre,https://www.juliagabriel.com,enquiries@juliagabriel.com,,"583 Orchard Road #04-00 Forum, Singapore 238884",Singapore,Speech & drama; communication (EduDrama),,,Email verified on official programme schedules
Hess Education (AMAZING! Speech and Drama),https://www.hess.com.sg,enquiries@hess.com.sg,+65 6333 6915,,Singapore,Speech & drama; English enrichment,,,Email verified on official site
Apple Pie Language,https://www.applepie.com.sg,inquiry@applepie.com.sg,+65 6766 9820,"6A Chun Tin Road, Singapore 599593",Singapore,Chinese speech & drama for kids,Daphne Low,Founder,Email verified on official contact page
Wild Rice Academy,https://www.wildrice.com.sg,academy@wildrice.com.sg,,"107 North Bridge Road #04-08 Funan, Singapore 179105",Singapore,Drama; theatre for kids & teens,,,Academy email verified on official contact page
Singapore Drama Educators Association (SDEA),https://www.sdea.org.sg,office@sdea.org.sg,,,Singapore,Drama/theatre education association,,,Email verified on official contact page
SuperMinds,https://superminds.com.sg,,+65 6602 8262,"250 Tanjong Pagar Road, St Andrew's Centre #04-01, Singapore 088541",Singapore,Public speaking for children & teens,,,WhatsApp-first; no public email listed - verify in Step 2
School of Confidence,https://schoolofconfidence.net,,,,Singapore,Public speaking school for kids (5-16),,,No public email found - verify in Step 2
Public Speaking Academy,https://publicspeakingacademy.com.sg,,,,Singapore,Public speaking courses (kids & adults),,,No public email found - verify in Step 2
Helen O'Grady Drama Academy,https://www.helenogrady.com.sg,,,"231 Mountbatten Road, Block B #03-03 Mountbatten Centre, Singapore 397999",Singapore,Speech; drama; public speaking (ages 2-18),,,Contact form only - verify email in Step 2
ACT 3 Drama Academy (ACT 3 International),https://act3international.com.sg,,+65 6735 9986,"126 Cairnhill Road, One-Two-Six Cairnhill Arts Centre, Singapore 229707",Singapore,Drama; musical theatre for the young,,,Verify email in Step 2
Sing'theatre Academy,https://singtheatre.com,,+65 9785 1406,"21 Tan Quee Lan Street #02-10 Heritage Place, Singapore 188108",Singapore,Musical theatre (kids; teens; adults),,,Verify email in Step 2
MADDspace,https://www.maddspace.com.sg,,+65 6802 4072,"Scape, 2 Orchard Link #05-01, Singapore 237978",Singapore,Music; art; drama; dance,,,Email format {first}@maddspace.com.sg - verify in Step 2
Julia Gabriel Centre (Tampines),https://www.juliagabriel.com,,,"4 Tampines Central 5 #05-03 Tampines Mall, Singapore 529510",Singapore,Speech & drama; communication,,,Duplicate domain of main JG - dedupes on import
Buds Theatre Company,https://www.budstheatre.com,,,"1003 Bukit Merah Central #06-19, Singapore 159836",Singapore,Youth theatre; acting; playwriting,,,Verify email in Step 2
Evolve Performing Arts,https://www.evolve-arts.com,,,"44 Pasir Panjang Road, Singapore 118504",Singapore,Speech; drama; singing; musical theatre,,,Contact form only - verify email in Step 2
Lorna Whiston Schools,https://www.lornawhiston.com,,,"United Square, 101 Thomson Road #03-18, Singapore 307591",Singapore,Speech & drama; English enrichment,,,Email format at lornawhiston.com - verify in Step 2
LoveKids,https://www.lovekids.com.sg,,,"24A Maju Avenue, Serangoon Gardens, Singapore 556696",Singapore,Speech & drama for preschool/kids,,,Verify email in Step 2
Graces Speech & Drama Studio,https://www.graces-studio.net,,,"169 Joo Chiat Rd #03-01, Singapore 427729",Singapore,Speech & drama (UK exams),,,Verify email in Step 2
A*Star Speech,https://www.astarspeech.com.sg,,,,Singapore,English & Chinese speech & drama (ages 4-6),,,Verify email in Step 2
Lucy Sparkles,https://www.lucysparkles.com.sg,,,,Singapore,Dance; drama; music for kids,,,Verify email in Step 2
Nanyang Academy of Fine Arts (Junior Drama),https://www.nafa.edu.sg,,,"80 Bencoolen Street, Singapore 189655",Singapore,Junior drama department (bilingual),,,Larger institution - verify email in Step 2
Haque Centre of Acting and Creativity,https://methodactingasia.com,,,,Singapore,Method acting; creativity; corporate,,,Verify email in Step 2
Nine Years Theatre,https://nineyearstheatre.com,,,"Singapore 199918",Singapore,Actor training (Suzuki; Viewpoints),,,Verify email in Step 2
Zoom! Academy,https://www.zoomacademysg.com,,,,Singapore,Acting; emcee training,,,Verify email in Step 2
Young People's Performing Arts Ensemble (YPPAE),https://www.yppae.org.sg,,,"90 Goodman Road, Goodman Arts Centre Blk M #03-53, Singapore 439053",Singapore,Mandarin theatre & performing arts,,,Verify email in Step 2
Speech Academy Asia (Upper Thomson),https://www.speechacademyasiaupperthomson.com,,,,Singapore,Public speaking for kids,,,Branch site - dedupes with main domain; verify in Step 2
